id,name,age,email
1,Keri,Petkov,kpetkov0@merr
2,Rutter,Lenard,rlenard1@google.es
3,Jule,Syvret,jsyvret2@prnewswire.com
4,Tamera,Crossgrove,tcrossg
5,Leonelle,Kleinzweig,lklein
6,Melody,Ferrarello,mferrarello5y
7,Merwyn,Borrington,mborrington6@yandex.ru
8,Doralynne,Duberry,dduberry7@g.co
9,Siegfried,Chansonne,schansonne8@dion.ne.jp
10,Cortney,Maw,cmaw9@slideshare.net
11,pooja,10,pooja@happiest.com